Workbook

Sheet Parts
A1: Part Number | B1: Part Name | C1: Description | D1: Drawing File (PDF) | E1: 3D Model File (IGES) | F1: Drawing Source | G1: Nominal Size (in) | H1: Pressure Class | I1: Facing | J1: Schedule / Type | K1: Material | L1: Raw Stock | M1: Finished OD (in) | N1: Flange Thickness (in) | O1: Bore Dia (in) | P1: Bolt Holes | Q1: Production Qty (per batch) | R1: Total Setup Time (min/batch) | S1: Total Cycle Time (min/part) | T1: Time per Part incl. Setup Share (min) | U1: Material Cost (USD/part) | V1: Machining Cost (USD/part) | W1: Est. Unit Cost (USD) | X1: Inspection Summary | Y1: Data Status | Z1: Notes
A2: 1002 | B2: FLANGE, BLIND, RF, 1/2 NPS, CLASS 150 | C2: Class 150 blind flange with raised face for 1/2 in nominal pipe. Solid disc, no bore. | D2: 0_5-150-BLIND-RF-FLANGE.pdf | E2: 0_5-150-BLIND-RF-FLANGE.igs | F2: Texas Flange | G2: 1/2 | H2: 150 | I2: Raised face (RF) | J2: Blind (no bore) | K2: ASTM A105 (forged carbon steel) | L2: Forged blank | M2: 3.5 | N2: 0.38 | O2: N/A | P2: 4 x Dia 0.62 in on Dia 2.38 in bolt circle | Q2: 100 | R2: =SUMIFS(Operations!$H$2:$H$8,Operations!$A$2:$A$8,$A2) -> 70 | S2: =SUMIFS(Operations!$I$2:$I$8,Operations!$A$2:$A$8,$A2) -> 13 | T2: =IF(Q2>0,S2+R2/Q2,S2) -> 13.7 | U2: 3 | V2: =T2/60*Assumptions!$B$2 -> 6.85 | W2: =U2+V2 -> 9.85 | X2: OD, thickness, RF dia/height, bolt circle, hole dia/count | Y2: Dimensions, size/class/facing, file links: read from PDF + IGES. Yellow cells (material, stock, qty, operations, times, costs, inspection methods) are ASSUMED placeholders. | Z2: Part number 1002 is an assigned placeholder (not printed on the drawing). Solid blind - IGES contains no bore surface. Drawing gives raised-face height as 0.063 in; the weld neck drawing gives 0.06 in; IGES gives 0.0625 in for both.

Sheet Operations
A1: Part Number | B1: Op No. | C1: Operation | D1: Description | E1: Machine / Work Center | F1: Tooling | G1: Inspection Method | H1: Setup Time (min/batch) | I1: Cycle Time (min/part) | J1: Data Status
A2: 1002 | B2: 10 | C2: Incoming inspection | D2: Check forged blank and material certificate against order | E2: QC bench | F2: Calipers | G2: Visual + certificate check | H2: 0 | I2: 1 | J2: ASSUMED (typical process)
A3: 1002 | B3: 20 | C3: Rough turning | D3: Rough turn flange OD and back face from forged blank | E3: CNC lathe | F3: CNMG 12 04 08 inserts; 3-jaw chuck | G3: In-process caliper check | H3: 25 | I3: 2.5 | J3: ASSUMED (typical process)
A4: 1002 | B4: 30 | C4: Finish turning | D4: Finish turn OD (3.50 in), thickness (0.38 in) and raised face (dia 1.38 in x 0.0625 in) | E4: CNC lathe | F4: VNMG/DCMT finishing inserts; grooving tool | G4: Caliper, depth gauge | H4: 15 | I4: 3.5 | J4: ASSUMED (typical process)
A5: 1002 | B5: 40 | C5: Drill bolt holes | D5: Drill 4 holes dia 0.62 in equally spaced on 2.38 in bolt circle | E5: Vertical machining center (indexing fixture) | F5: Dia 0.62 in (5/8 in) drill; spotting drill | G5: Bolt-circle gauge, hole-diameter pin gauge | H5: 25 | I5: 2.5 | J5: ASSUMED (typical process)
A6: 1002 | B6: 50 | C6: Deburr | D6: Break sharp edges, remove burrs from holes | E6: Bench | F6: Deburring tool, file | G6: Visual | H6: 0 | I6: 1 | J6: ASSUMED (typical process)
A7: 1002 | B7: 60 | C7: Final inspection | D7: Check OD, thickness, raised-face dia/height, bolt circle, hole dia and count | E7: QC bench | F7: Calipers, depth gauge, pin gauges, bolt-circle gauge | G7: Full dimensional check vs. drawing | H7: 5 | I7: 2 | J7: ASSUMED (typical process)
A8: 1002 | B8: 70 | C8: Marking | D8: Mark part (size, class, material, heat number) | E8: Bench | F8: Stamp / marking tool | G8: Visual | H8: 0 | I8: 0.5 | J8: ASSUMED (typical process)

Sheet Answer_Key
A1: Part Number | B1: Feature | C1: Excel Record (in) | D1: PDF Drawing (in) | E1: IGES Model (in) | F1: Max Spread (in) | G1: Sources Available | H1: Status | I1: Note
A2: 1002 | B2: Flange OD | C2: =INDEX(Parts!$M$2:$M$50,MATCH($A2,Parts!$A$2:$A$50,0)) -> 3.5 | D2: 3.5 | E2: 3.5 | F2: =IF(G2>=2,MAX(C2:E2)-MIN(C2:E2),"") -> 0 | G2: =COUNT(C2:E2) -> 3 | H2: =IF(G2<2,"SINGLE SOURCE",IF(F2<=Assumptions!$B$3,"MATCH","CHECK")) -> MATCH | I2: Drawing shows Dia 3.5 in
A3: 1002 | B3: Flange thickness | C3: =INDEX(Parts!$N$2:$N$50,MATCH($A3,Parts!$A$2:$A$50,0)) -> 0.38 | D3: 0.38 | E3: 0.38 | F3: =IF(G3>=2,MAX(C3:E3)-MIN(C3:E3),"") -> 0 | G3: =COUNT(C3:E3) -> 3 | H3: =IF(G3<2,"SINGLE SOURCE",IF(F3<=Assumptions!$B$3,"MATCH","CHECK")) -> MATCH
A4: 1002 | B4: Bolt circle dia | D4: 2.38 | E4: 2.38 | F4: =IF(G4>=2,MAX(C4:E4)-MIN(C4:E4),"") -> 0 | G4: =COUNT(C4:E4) -> 2 | H4: =IF(G4<2,"SINGLE SOURCE",IF(F4<=Assumptions!$B$3,"MATCH","CHECK")) -> MATCH
A5: 1002 | B5: Bolt hole dia | D5: 0.62 | E5: 0.62 | F5: =IF(G5>=2,MAX(C5:E5)-MIN(C5:E5),"") -> 0 | G5: =COUNT(C5:E5) -> 2 | H5: =IF(G5<2,"SINGLE SOURCE",IF(F5<=Assumptions!$B$3,"MATCH","CHECK")) -> MATCH
A6: 1002 | B6: Bolt hole count | D6: 4 | E6: 4 | F6: =IF(G6>=2,MAX(C6:E6)-MIN(C6:E6),"") -> 0 | G6: =COUNT(C6:E6) -> 2 | H6: =IF(G6<2,"SINGLE SOURCE",IF(F6<=Assumptions!$B$3,"MATCH","CHECK")) -> MATCH | I6: Count, not a length; holes at 0, 90, 180, 270 deg in IGES
A7: 1002 | B7: Raised-face dia | D7: 1.38 | E7: 1.38 | F7: =IF(G7>=2,MAX(C7:E7)-MIN(C7:E7),"") -> 0 | G7: =COUNT(C7:E7) -> 2 | H7: =IF(G7<2,"SINGLE SOURCE",IF(F7<=Assumptions!$B$3,"MATCH","CHECK")) -> MATCH
A8: 1002 | B8: Raised-face height | D8: 0.063 | E8: 0.0625 | F8: =IF(G8>=2,MAX(C8:E8)-MIN(C8:E8),"") -> 0.0005 | G8: =COUNT(C8:E8) -> 2 | H8: =IF(G8<2,"SINGLE SOURCE",IF(F8<=Assumptions!$B$3,"MATCH","CHECK")) -> MATCH | I8: Drawing values are rounded differently between the two parts (0.06 vs 0.063); IGES is 0.0625 for both
A9: 1002 | B9: Small engraved feature depth | E9: 0.015 | F9: =IF(G9>=2,MAX(C9:E9)-MIN(C9:E9),"") | G9: =COUNT(C9:E9) -> 1 | H9: =IF(G9<2,"SINGLE SOURCE",IF(F9<=Assumptions!$B$3,"MATCH","CHECK")) -> SINGLE SOURCE | I9: IGES only - tiny 0.015 in deep feature on the back face at 1.19 in radius (probably a marking/logo). Not on the drawing; purpose cannot be confirmed from geometry
A11: Use this sheet to TEST your app: it is the answer key for what a correct Excel-PDF-IGES cross-check should find. Do not feed it to the app.

Sheet Assumptions
A1: Parameter | B1: Value | C1: Unit | D1: Basis
A2: Blended machine + labor rate | B2: 30 | C2: USD/hr | D2: ASSUMED placeholder - replace with your shop rate (or change the currency in the cost headers).
A3: Cross-check tolerance (Answer_Key sheet) | B3: 0.005 | C3: in | D3: Drawing dimensions are printed to 2 decimals, so +/-0.005 in is the rounding band. Edit to be stricter or looser.

Sheet README
A1: README
A3: Workbook | B3: Manufacturing record for: FLANGE, BLIND, RF, 1/2 NPS, CLASS 150. Built to test an LLM-based CNC part analysis app.
A4: Sheets | B4: Parts = the part row (main lookup table, header in row 1). Operations = operation sequence per part. Answer_Key = Excel vs PDF vs IGES cross-check answer key (for testing, not for the app). Assumptions = rates and tolerance used by formulas.
A5: Lookup key | B5: Part Number (column A on Parts and Operations). Parts!D and Parts!E name the PDF and IGES file linked to each part.
A6: Part numbers | B6: Part number 1002 is a PLACEHOLDER assigned by us. The drawings only show a size and type, not a part number. Rename freely and keep Parts and Operations in step.
A7: Blue text | B7: Hardcoded value read from the PDF drawing or IGES file (or an ID).
A8: Blue text on YELLOW | B8: ASSUMED placeholder - NOT in the drawings or IGES: material, raw stock, production quantity, operation sequence, machines, tooling, inspection methods, cycle/setup times, material cost, labor rate. Replace with real shop data if you have it.
A9: Black text | B9: Formula (totals, per-part time, cost, spread, status).
A10: Green text | B10: Formula that looks up a value on another sheet.
A11: Where values came from | B11: PDF values were read from the Texas Flange drawings. IGES values were extracted from the CATIA V5 IGES files (units: inches) by reading the cylinder, cone and plane surfaces of the B-rep model. IGES-only values (weld bevel, small engraved feature) are marked as single source.
A12: Not in any file | B12: Material, tolerances, surface finish, weight and heat-treatment are not on the drawings. Do not let the app state them as facts unless they come from this Excel, and then only as the assumed values shown here.
A15: Example assumed cell
